,2,3,4,5,
g5 try1,"real 2099,19","real 2194,09","real 2424,02","real 2380,32",time -p java -Dtinylog.level=trace -cp ../../build/gin.jar gin.util.GPRuntime -j -p spatial4j -d . -m spatial4j.Profiler_output_100.csv -o spatial4j.GPHOM_gn5_pn300_homsize3_1_output.csv -mavenHome /usr/share/maven -et LINE -gn 5 -in 20 -e 2 -hom true -t 21 -pn 300 -homsize 3
,"user 1089,07","user 1140,26","user 1327,32","user 1324,51",
,"sys 60,49","sys 62,99","sys 74,77","sys 77,80",
g5 try2,"real 2181,52","real 2276,58","real 2273,17","real 2093,95",
,"user 1149,85","user 1228,92","user 1240,41","user 1115,93",
,"sys 64,45","sys 70,55","sys 70,91","sys 59,99",
g5 try3,"real 2343,78","real 2171,09","real 2242,07","real 2229,23",
,"user 1271,01","user 1144,39","user 1198,57","user 1141,32",
,"sys 70,87","sys 63,28","sys 65,25","sys 63,21",
g5 try4,"real 2432,37","real 2393,08","real 2577,83","real 2612,32",
,"user 1164,14","user 1152,62","user 1239,15","user 1265,32",
,"sys 68,03","sys 66,16","sys 70,04","sys 71,31",
g5 try5,"real 2597,34","real 2501,73","real 2448,70","real 2488,01",
,"user 1255,85","user 1210,52","user 1158,29","user 1177,78",
,"sys 69,71","sys 67,07","sys 65,08","sys 66,77",
g5 try6,"real 3765,58","real 3637,41","real 3760,10","real 3813,33",
,"user 1271,05","user 1251,20","user 1299,21","user 1281,40",
,"sys 120,85","sys 113,72","sys 120,27","sys 118,66",
g5 try7,"real 3739,82","real 3708,69","real 3750,39","real 3813,38",
,"user 1237,34","user 1217,36","user 1283,81","user 1334,68",
,"sys 116,24","sys 116,59","sys 119,97","sys 121,09",
g5 try8,"real 3733,61","real 3798,60","real 3825,28","real 3823,61",
,"user 1288,74","user 1298,40","user 1246,67","user 1324,43",
,"sys 119,56","sys 120,60","sys 118,44","sys 119,08",
g5 try9,"real 3796,63","real 3757,60","real 3726,43","real 3794,30",
,"user 1253,82","user 1271,59","user 1215,18","user 1239,16",
,"sys 118,95","sys 117,21","sys 115,50","sys 118,79",
g5 try10,"real 2446,51","real 2503,87","real 2486,53","real 2460,12",
,"user 1193,55","user 1230,19","user 1234,11","user 1191,48",
,"sys 67,47","sys 68,41","sys 68,97","sys 66,98",
,,,,,
g15 try1,"real 4129,59","real 3912,31","real 3865,93","real 4491,01",time -p java -Dtinylog.level=trace -cp ../../build/gin.jar gin.util.GPRuntime -j -p spatial4j -d . -m spatial4j.Profiler_output_100.csv -o spatial4j.GPHOM_gn15_pn300_homsize5_2_output.csv -mavenHome /usr/share/maven -et LINE -gn 15 -in 20 -e 2 -hom true -t 21 -pn 300 -homsize
,"user 2096,57","user 2007,36","user 1981,58","user 2450,03",
,"sys 120,55","sys 114,90","sys 112,01","sys 144,03",
g15 try2,"real 4183,61","real 4287,03","real 3966,58","real 4113,77",
,"user 2273,11","user 2294,44","user 2134,95","user 2147,22",
,"sys 132,96","sys 138,27","sys 119,93","sys 123,10",
g15 try3,"real 4066,17","real 4152,15","real 4343,20","real 3880,45",
,"user 2180,58","user 2210,35","user 2350,48","user 1985,25",
,"sys 127,51","sys 129,35","sys 138,55","sys 112,83",
g15 try4,"real 4554,47","real 4470,69","real 4471,73","real 4363,17",
,"user 2192,98","user 2131,78","user 2126,18","user 2087,52",
,"sys 126,43","sys 125,01","sys 124,34","sys 122,23",
g15 try5,"real 4453,08","real 4426,36","real 4336,22","real 4433,99",
,"user 2178,27","user 2137,37","user 2085,41","user 2173,28",
,"sys 124,83","sys 121,83","sys 119,75","sys 123,48",
6,"real 4170,56","real 4222,49","real 4328,36","real 4199,23",
,"user 2058,14","user 2037,53","user 2184,85","user 2042,60",
,"sys 114,34","sys 114,81","sys 120,25","sys 114,86",
7,"real 4085,15","real 4228,00","real 4234,84","real 4172,29",
,"user 2000,20","user 2064,17","user 2079,58","user 2035,47",
,"sys 115,00","sys 116,32","sys 117,51","sys 116,09",
8,"real 4229,40","real 4402,94","real 4300,11","real 4442,35",
,"user 2054,05","user 2182,20","user 2080,38","user 2227,62",
,"sys 118,71","sys 123,15","sys 119,72","sys 125,40",
9,"real 7227,95","real 7208,71","real 7251,58","real 7139,77",
,"user 2316,92","user 2374,78","user 2337,18","user 2337,77",
,"sys 243,26","sys 239,63","sys 238,45","sys 237,32",
10,"real 7143,79","real 6981,73","real 7110,07","real 7128,96",
,"user 2306,05","user 2203,79","user 2305,01","user 2322,46",
,"sys 235,36","sys 228,45","sys 237,89","sys 234,46	",
