,2,3,4,5,
1,"real 2059,34","real 2109,56","real 2791,39","real 2106,98",time -p java -Dtinylog.level=trace -cp ../../build/gin.jar gin.util.GPRuntime -j -p chronicle-queue -d . -m chronicle-queue.Profiler_output_50.csv -o chronicle.GPHOM_gn5_pn300_homsize2_output_0.csv -mavenHome /usr/share/maven -et LINE -gn 5 -in 10 -e 2 -hom true -t 10 -pn 300 -homsize
,"user 1481,74","user 1480,30","user 1456,94","user 1448,95",
,"sys 114,73","sys 122,61","sys 128,08","sys 126,97",
2,"real 2639,86","real 2698,46","real 2713,49","real 2852,64",
,"user 1533,30","user 1475,35","user 1504,90","user 1657,41",
,"sys 140,64","sys 117,63","sys 120,61","sys 127,80",
3,"real 2738,42","real 2559,93","real 2605,02","real 3291,72",
,"user 1636,42","user 1542,26","user 1480,06","user 1537,86",
,"sys 137,38","sys 149,70","sys 127,02","sys 145,60",
4,"real 3590,15","real 3719,78","real 3714,02",TR0lKA123,
,"user 1842,59","user 1825,40","user 1783,96","user 1813,52",
,"sys 162,36","sys 165,29","sys 169,92","sys 159,82",
5,"real 3076,76","real 3132,68","real 2832,48","real 3075,69",
,"user 1755,47","user 1889,51","user 1700,87","user 1811,09",
,"sys 145,14","sys 151,99","sys 155,36","sys 134,57",
6,"real 3235,11","real 3148,88","real 3290,60","real 3319,72",
,"user 1774,65","user 1752,80","user 1763,20","user 1839,46",
,"sys 169,88","sys 160,63","sys 159,80","sys 159,42",
7,"real 3057,72","real 3021,78","real 3115,25","real 3121,62",
,"user 1757,15","user 1815,50","user 1808,13","user 1788,38",
,"sys 175,83","sys 158,73","sys 167,24","sys 162,72",
8,"real 3317,16","real 3273,53","real 3043,45","real 3004,53",
,"user 1909,35","user 1924,26","user 1777,02","user 1746,57",
,"sys 178,89","sys 211,21","sys 180,41","sys 170,36",
9,"real 2898,36","real 3020,16","real 2915,08","real 3033,22",
,"user 1805,64","user 1804,95","user 1680,13","user 1843,16",
,"sys 147,42","sys 164,98","sys 156,75","sys 155,88",
10,"real 2650,32","real 2841,42","real 2722,08","real 2844,04",
,"user 1902,04","user 1773,69","user 1674,87","user 1809,29",
,"sys 166,71","sys 151,12","sys 138,38","sys 134,90",
,,,,,
1,"real 3211,57","real 3056,45","real 3351,48","real 3294,58",time -p java -Dtinylog.level=trace -cp ../../build/gin.jar gin.util.GPRuntime -j -p chronicle-queue -d . -m chronicle-queue.Profiler_output_50.csv -o chronicle.GPHOM_gn15_pn300_homsize2_output.csv -mavenHome /usr/share/maven -et LINE -gn 15 -in 10 -e 2 -hom true -t 10 -pn 300 -homsize 2
,"user 1919,68","user 1820,47","user 1991,85","user 2077,08",
,"sys 174,27","sys 161,01","sys 176,63","sys 171,57",
2,"real 3164,53","real 3316,38","real 3147,10","real 3023,92",
,"user 1844,21","user 2231,86","user 1931,27","user 1841,39",
,"sys 159,55","sys 184,87","sys 157,88","sys 177,27",
3,"real 2802,42","real 2759,98","real 2826,06","real 2865,37",
,"user 1821,91","user 1899,64","user 1860,98","user 1996,10",
,"sys 176,01","sys 178,41","sys 168,51","sys 167,00",
4,"real 4718,77","real 4373,59","real 4743,42","real 4487,55",
,"user 2569,71","user 2404,53","user 2600,51","user 2741,74",
,"sys 228,62","sys 219,62","sys 226,79","sys 245,02",
5,"real 5105,78","real 4946,59","real 4696,97","real 4680,78",
,"user 2874,54","user 2835,28","user 2598,00","user 2818,80",
,"sys 217,76","sys 231,50","sys 232,22","sys 233,13",
6,"real 5321,44","real 5255,28","real 4763,10","real 5321,31",
,"user 3133,77","user 2757,98","user 2593,22","user 2883,37",
,"sys 268,88","sys 252,42","sys 220,28","sys 250,33",
7,"real 4927,61","real 4745,21","real 5008,35","real 4868,34",
,"user 2856,60","user 2717,17","user 2934,86","user 2715,41",
,"sys 240,11","sys 244,22","sys 246,63","sys 242,11",
8,"real 4935,59","real 4901,45","real 4753,13","real 4516,88",
,"user 2733,85","user 2732,17","user 2587,60","user 2716,75",
,"sys 222,44","sys 231,67","sys 232,13","sys 243,36",
9,"real 4275,84","real 4281,95","real 4377,55","real 4331,85",
,"user 2854,64","user 2752,00","user 2933,48","user 2928,84",
,"sys 218,22","sys 230,28","sys 223,58","sys 242,19",
10,"real 4182,68","real 3870,99","real 4217,54","real 4350,95",
,"user 2890,57","user 2463,78","user 2654,73","user 2886,91",
,"sys 234,99","sys 218,11","sys 218,12","sys 208,71",
